Дата,Выпуск,Ссылка на выпуск,Ссылка на обложку,Обложка
1999-04-02,№ 1 (1),https://archivarius-public.s3.us-west-2.amazonaws.com/rima/print/scraped_printed_issue/1390/issue.pdf,https://archivarius-public.s3.us-west-2.amazonaws.com/rima/print/scraped_printed_issue/1390/cover.jpg,
1999-04-16,№ 2 (2),https://archivarius-public.s3.us-west-2.amazonaws.com/rima/print/scraped_printed_issue/1385/issue.pdf,https://archivarius-public.s3.us-west-2.amazonaws.com/rima/print/scraped_printed_issue/1385/cover.jpg,
1999-04-30,№ 3 (3),https://archivarius-public.s3.us-west-2.amazonaws.com/rima/print/scraped_printed_issue/1142/issue.pdf,https://archivarius-public.s3.us-west-2.amazonaws.com/rima/print/scraped_printed_issue/1142/cover.jpg,
1999-05-14,№ 4 (4),https://archivarius-public.s3.us-west-2.amazonaws.com/rima/print/scraped_printed_issue/1232/issue.pdf,https://archivarius-public.s3.us-west-2.amazonaws.com/rima/print/scraped_printed_issue/1232/cover.jpg,
1999-05-28,№ 5 (5),https://archivarius-public.s3.us-west-2.amazonaws.com/rima/print/scraped_printed_issue/1296/issue.pdf,https://archivarius-public.s3.us-west-2.amazonaws.com/rima/print/scraped_printed_issue/1296/cover.jpg,
1999-06-11,№ 6 (6),https://archivarius-public.s3.us-west-2.amazonaws.com/rima/print/scraped_printed_issue/1292/issue.pdf,https://archivarius-public.s3.us-west-2.amazonaws.com/rima/print/scraped_printed_issue/1292/cover.jpg,
1999-06-25,№ 7 (7),https://archivarius-public.s3.us-west-2.amazonaws.com/rima/print/scraped_printed_issue/1238/issue.pdf,https://archivarius-public.s3.us-west-2.amazonaws.com/rima/print/scraped_printed_issue/1238/cover.jpg,
1999-07-09,№ 8 (8),https://archivarius-public.s3.us-west-2.amazonaws.com/rima/print/scraped_printed_issue/1102/issue.pdf,https://archivarius-public.s3.us-west-2.amazonaws.com/rima/print/scraped_printed_issue/1102/cover.jpg,
1999-07-23,№ 9 (9),https://archivarius-public.s3.us-west-2.amazonaws.com/rima/print/scraped_printed_issue/1440/issue.pdf,https://archivarius-public.s3.us-west-2.amazonaws.com/rima/print/scraped_printed_issue/1440/cover.jpg,
1999-08-06,№ 10–11 (10–11),https://archivarius-public.s3.us-west-2.amazonaws.com/rima/print/scraped_printed_issue/1345/issue.pdf,https://archivarius-public.s3.us-west-2.amazonaws.com/rima/print/scraped_printed_issue/1345/cover.jpg,
1999-09-03,№ 12 (12),https://archivarius-public.s3.us-west-2.amazonaws.com/rima/print/scraped_printed_issue/1415/issue.pdf,https://archivarius-public.s3.us-west-2.amazonaws.com/rima/print/scraped_printed_issue/1415/cover.jpg,
1999-09-17,№ 13 (13),https://archivarius-public.s3.us-west-2.amazonaws.com/rima/print/scraped_printed_issue/1143/issue.pdf,https://archivarius-public.s3.us-west-2.amazonaws.com/rima/print/scraped_printed_issue/1143/cover.jpg,
1999-10-01,№ 14 (14),https://archivarius-public.s3.us-west-2.amazonaws.com/rima/print/scraped_printed_issue/1148/issue.pdf,https://archivarius-public.s3.us-west-2.amazonaws.com/rima/print/scraped_printed_issue/1148/cover.jpg,
1999-10-15,№ 15 (15),https://archivarius-public.s3.us-west-2.amazonaws.com/rima/print/scraped_printed_issue/1412/issue.pdf,https://archivarius-public.s3.us-west-2.amazonaws.com/rima/print/scraped_printed_issue/1412/cover.jpg,
1999-10-29,№ 16 (16),https://archivarius-public.s3.us-west-2.amazonaws.com/rima/print/scraped_printed_issue/1092/issue.pdf,https://archivarius-public.s3.us-west-2.amazonaws.com/rima/print/scraped_printed_issue/1092/cover.jpg,
1999-11-12,№ 17 (17),https://archivarius-public.s3.us-west-2.amazonaws.com/rima/print/scraped_printed_issue/1372/issue.pdf,https://archivarius-public.s3.us-west-2.amazonaws.com/rima/print/scraped_printed_issue/1372/cover.jpg,
1999-11-26,№ 18 (18),https://archivarius-public.s3.us-west-2.amazonaws.com/rima/print/scraped_printed_issue/1321/issue.pdf,https://archivarius-public.s3.us-west-2.amazonaws.com/rima/print/scraped_printed_issue/1321/cover.jpg,
1999-12-10,№ 19 (19),https://archivarius-public.s3.us-west-2.amazonaws.com/rima/print/scraped_printed_issue/1223/issue.pdf,https://archivarius-public.s3.us-west-2.amazonaws.com/rima/print/scraped_printed_issue/1223/cover.jpg,
1999-12-24,№ 20 (20),https://archivarius-public.s3.us-west-2.amazonaws.com/rima/print/scraped_printed_issue/1361/issue.pdf,https://archivarius-public.s3.us-west-2.amazonaws.com/rima/print/scraped_printed_issue/1361/cover.jpg,
2000-01-14,№ 1 (21),https://archivarius-public.s3.us-west-2.amazonaws.com/rima/print/scraped_printed_issue/1185/issue.pdf,https://archivarius-public.s3.us-west-2.amazonaws.com/rima/print/scraped_printed_issue/1185/cover.jpg,
2000-01-28,№ 2 (22),https://archivarius-public.s3.us-west-2.amazonaws.com/rima/print/scraped_printed_issue/1330/issue.pdf,https://archivarius-public.s3.us-west-2.amazonaws.com/rima/print/scraped_printed_issue/1330/cover.jpg,
2000-02-11,№ 3 (23),https://archivarius-public.s3.us-west-2.amazonaws.com/rima/print/scraped_printed_issue/1214/issue.pdf,https://archivarius-public.s3.us-west-2.amazonaws.com/rima/print/scraped_printed_issue/1214/cover.jpg,
2000-02-25,№ 4 (24),https://archivarius-public.s3.us-west-2.amazonaws.com/rima/print/scraped_printed_issue/1227/issue.pdf,https://archivarius-public.s3.us-west-2.amazonaws.com/rima/print/scraped_printed_issue/1227/cover.jpg,
2000-03-10,№ 5 (25),https://archivarius-public.s3.us-west-2.amazonaws.com/rima/print/scraped_printed_issue/1319/issue.pdf,https://archivarius-public.s3.us-west-2.amazonaws.com/rima/print/scraped_printed_issue/1319/cover.jpg,
2000-03-24,№ 6 (26),https://archivarius-public.s3.us-west-2.amazonaws.com/rima/print/scraped_printed_issue/1177/issue.pdf,https://archivarius-public.s3.us-west-2.amazonaws.com/rima/print/scraped_printed_issue/1177/cover.jpg,
2000-04-07,№ 7 (27),https://archivarius-public.s3.us-west-2.amazonaws.com/rima/print/scraped_printed_issue/1283/issue.pdf,https://archivarius-public.s3.us-west-2.amazonaws.com/rima/print/scraped_printed_issue/1283/cover.jpg,
2000-04-21,№ 8 (28),https://archivarius-public.s3.us-west-2.amazonaws.com/rima/print/scraped_printed_issue/1408/issue.pdf,https://archivarius-public.s3.us-west-2.amazonaws.com/rima/print/scraped_printed_issue/1408/cover.jpg,
2000-05-05,№ 9 (29),https://archivarius-public.s3.us-west-2.amazonaws.com/rima/print/scraped_printed_issue/1153/issue.pdf,https://archivarius-public.s3.us-west-2.amazonaws.com/rima/print/scraped_printed_issue/1153/cover.jpg,
2000-05-19,№ 10 (30),https://archivarius-public.s3.us-west-2.amazonaws.com/rima/print/scraped_printed_issue/1182/issue.pdf,https://archivarius-public.s3.us-west-2.amazonaws.com/rima/print/scraped_printed_issue/1182/cover.jpg,
2000-06-02,№ 11 (31),https://archivarius-public.s3.us-west-2.amazonaws.com/rima/print/scraped_printed_issue/1277/issue.pdf,https://archivarius-public.s3.us-west-2.amazonaws.com/rima/print/scraped_printed_issue/1277/cover.jpg,
2000-06-16,№ 12 (32),https://archivarius-public.s3.us-west-2.amazonaws.com/rima/print/scraped_printed_issue/1221/issue.pdf,https://archivarius-public.s3.us-west-2.amazonaws.com/rima/print/scraped_printed_issue/1221/cover.jpg,
2000-06-30,№ 13 (33),https://archivarius-public.s3.us-west-2.amazonaws.com/rima/print/scraped_printed_issue/1324/issue.pdf,https://archivarius-public.s3.us-west-2.amazonaws.com/rima/print/scraped_printed_issue/1324/cover.jpg,
2000-07-14,№ 14 (34),https://archivarius-public.s3.us-west-2.amazonaws.com/rima/print/scraped_printed_issue/1313/issue.pdf,https://archivarius-public.s3.us-west-2.amazonaws.com/rima/print/scraped_printed_issue/1313/cover.jpg,
2000-07-28,№ 15 (35),https://archivarius-public.s3.us-west-2.amazonaws.com/rima/print/scraped_printed_issue/1231/issue.pdf,https://archivarius-public.s3.us-west-2.amazonaws.com/rima/print/scraped_printed_issue/1231/cover.jpg,
2000-08-11,№ 16–17 (36–37),https://archivarius-public.s3.us-west-2.amazonaws.com/rima/print/scraped_printed_issue/1165/issue.pdf,https://archivarius-public.s3.us-west-2.amazonaws.com/rima/print/scraped_printed_issue/1165/cover.jpg,
2000-09-01,№ 18 (38),https://archivarius-public.s3.us-west-2.amazonaws.com/rima/print/scraped_printed_issue/1145/issue.pdf,https://archivarius-public.s3.us-west-2.amazonaws.com/rima/print/scraped_printed_issue/1145/cover.jpg,
2000-09-15,№ 19 (39),https://archivarius-public.s3.us-west-2.amazonaws.com/rima/print/scraped_printed_issue/1414/issue.pdf,https://archivarius-public.s3.us-west-2.amazonaws.com/rima/print/scraped_printed_issue/1414/cover.jpg,
2000-09-29,№ 20 (40),https://archivarius-public.s3.us-west-2.amazonaws.com/rima/print/scraped_printed_issue/1198/issue.pdf,https://archivarius-public.s3.us-west-2.amazonaws.com/rima/print/scraped_printed_issue/1198/cover.jpg,
2000-10-13,№ 21 (41),https://archivarius-public.s3.us-west-2.amazonaws.com/rima/print/scraped_printed_issue/1306/issue.pdf,https://archivarius-public.s3.us-west-2.amazonaws.com/rima/print/scraped_printed_issue/1306/cover.jpg,
2000-10-27,№ 22 (42),https://archivarius-public.s3.us-west-2.amazonaws.com/rima/print/scraped_printed_issue/1252/issue.pdf,https://archivarius-public.s3.us-west-2.amazonaws.com/rima/print/scraped_printed_issue/1252/cover.jpg,
2000-11-10,№ 23 (43),https://archivarius-public.s3.us-west-2.amazonaws.com/rima/print/scraped_printed_issue/1338/issue.pdf,https://archivarius-public.s3.us-west-2.amazonaws.com/rima/print/scraped_printed_issue/1338/cover.jpg,
2000-11-24,№ 24 (44),https://archivarius-public.s3.us-west-2.amazonaws.com/rima/print/scraped_printed_issue/1351/issue.pdf,https://archivarius-public.s3.us-west-2.amazonaws.com/rima/print/scraped_printed_issue/1351/cover.jpg,
2000-12-08,№ 25 (45),https://archivarius-public.s3.us-west-2.amazonaws.com/rima/print/scraped_printed_issue/1245/issue.pdf,https://archivarius-public.s3.us-west-2.amazonaws.com/rima/print/scraped_printed_issue/1245/cover.jpg,
2000-12-22,№ 26 (46),https://archivarius-public.s3.us-west-2.amazonaws.com/rima/print/scraped_printed_issue/1291/issue.pdf,https://archivarius-public.s3.us-west-2.amazonaws.com/rima/print/scraped_printed_issue/1291/cover.jpg,
2001-01-19,№ 1 (47),https://archivarius-public.s3.us-west-2.amazonaws.com/rima/print/scraped_printed_issue/1181/issue.pdf,https://archivarius-public.s3.us-west-2.amazonaws.com/rima/print/scraped_printed_issue/1181/cover.jpg,
2001-02-02,№ 2 (48),https://archivarius-public.s3.us-west-2.amazonaws.com/rima/print/scraped_printed_issue/1155/issue.pdf,https://archivarius-public.s3.us-west-2.amazonaws.com/rima/print/scraped_printed_issue/1155/cover.jpg,
2001-02-16,№ 3 (49),https://archivarius-public.s3.us-west-2.amazonaws.com/rima/print/scraped_printed_issue/1447/issue.pdf,https://archivarius-public.s3.us-west-2.amazonaws.com/rima/print/scraped_printed_issue/1447/cover.jpg,
2001-03-02,№ 4 (50),https://archivarius-public.s3.us-west-2.amazonaws.com/rima/print/scraped_printed_issue/1180/issue.pdf,https://archivarius-public.s3.us-west-2.amazonaws.com/rima/print/scraped_printed_issue/1180/cover.jpg,
2001-03-16,№ 5 (51),https://archivarius-public.s3.us-west-2.amazonaws.com/rima/print/scraped_printed_issue/1281/issue.pdf,https://archivarius-public.s3.us-west-2.amazonaws.com/rima/print/scraped_printed_issue/1281/cover.jpg,
2001-03-30,№ 6 (52),https://archivarius-public.s3.us-west-2.amazonaws.com/rima/print/scraped_printed_issue/1219/issue.pdf,https://archivarius-public.s3.us-west-2.amazonaws.com/rima/print/scraped_printed_issue/1219/cover.jpg,
2001-04-13,№ 7 (53),https://archivarius-public.s3.us-west-2.amazonaws.com/rima/print/scraped_printed_issue/1327/issue.pdf,https://archivarius-public.s3.us-west-2.amazonaws.com/rima/print/scraped_printed_issue/1327/cover.jpg,
2001-04-27,№ 8 (54),https://archivarius-public.s3.us-west-2.amazonaws.com/rima/print/scraped_printed_issue/1154/issue.pdf,https://archivarius-public.s3.us-west-2.amazonaws.com/rima/print/scraped_printed_issue/1154/cover.jpg,
2001-05-11,№ 9 (55),https://archivarius-public.s3.us-west-2.amazonaws.com/rima/print/scraped_printed_issue/1407/issue.pdf,https://archivarius-public.s3.us-west-2.amazonaws.com/rima/print/scraped_printed_issue/1407/cover.jpg,
2001-05-25,№ 10 (56),https://archivarius-public.s3.us-west-2.amazonaws.com/rima/print/scraped_printed_issue/1189/issue.pdf,https://archivarius-public.s3.us-west-2.amazonaws.com/rima/print/scraped_printed_issue/1189/cover.jpg,
2001-06-08,№ 11 (57),https://archivarius-public.s3.us-west-2.amazonaws.com/rima/print/scraped_printed_issue/1275/issue.pdf,https://archivarius-public.s3.us-west-2.amazonaws.com/rima/print/scraped_printed_issue/1275/cover.jpg,
2001-07-06,№ 13 (59),https://archivarius-public.s3.us-west-2.amazonaws.com/rima/print/scraped_printed_issue/1159/issue.pdf,https://archivarius-public.s3.us-west-2.amazonaws.com/rima/print/scraped_printed_issue/1159/cover.jpg,
2001-07-20,№ 14 (60),https://archivarius-public.s3.us-west-2.amazonaws.com/rima/print/scraped_printed_issue/1110/issue.pdf,https://archivarius-public.s3.us-west-2.amazonaws.com/rima/print/scraped_printed_issue/1110/cover.jpg,
2001-08-03,№ 15 (61),https://archivarius-public.s3.us-west-2.amazonaws.com/rima/print/scraped_printed_issue/1356/issue.pdf,https://archivarius-public.s3.us-west-2.amazonaws.com/rima/print/scraped_printed_issue/1356/cover.jpg,
2001-08-17,№ 16 (62),https://archivarius-public.s3.us-west-2.amazonaws.com/rima/print/scraped_printed_issue/1133/issue.pdf,https://archivarius-public.s3.us-west-2.amazonaws.com/rima/print/scraped_printed_issue/1133/cover.jpg,
2001-08-31,№ 17 (63),https://archivarius-public.s3.us-west-2.amazonaws.com/rima/print/scraped_printed_issue/1421/issue.pdf,https://archivarius-public.s3.us-west-2.amazonaws.com/rima/print/scraped_printed_issue/1421/cover.jpg,
2001-09-14,№ 18 (64),https://archivarius-public.s3.us-west-2.amazonaws.com/rima/print/scraped_printed_issue/1224/issue.pdf,https://archivarius-public.s3.us-west-2.amazonaws.com/rima/print/scraped_printed_issue/1224/cover.jpg,
2001-09-28,№ 19 (65),https://archivarius-public.s3.us-west-2.amazonaws.com/rima/print/scraped_printed_issue/1320/issue.pdf,https://archivarius-public.s3.us-west-2.amazonaws.com/rima/print/scraped_printed_issue/1320/cover.jpg,
2001-10-12,№ 20 (66),https://archivarius-public.s3.us-west-2.amazonaws.com/rima/print/scraped_printed_issue/1192/issue.pdf,https://archivarius-public.s3.us-west-2.amazonaws.com/rima/print/scraped_printed_issue/1192/cover.jpg,
2001-10-26,№ 21 (67),https://archivarius-public.s3.us-west-2.amazonaws.com/rima/print/scraped_printed_issue/1269/issue.pdf,https://archivarius-public.s3.us-west-2.amazonaws.com/rima/print/scraped_printed_issue/1269/cover.jpg,
2001-11-09,№ 22 (68),https://archivarius-public.s3.us-west-2.amazonaws.com/rima/print/scraped_printed_issue/1441/issue.pdf,https://archivarius-public.s3.us-west-2.amazonaws.com/rima/print/scraped_printed_issue/1441/cover.jpg,
2001-11-23,№ 23 (69),https://archivarius-public.s3.us-west-2.amazonaws.com/rima/print/scraped_printed_issue/1162/issue.pdf,https://archivarius-public.s3.us-west-2.amazonaws.com/rima/print/scraped_printed_issue/1162/cover.jpg,
2001-12-07,№ 24 (70),https://archivarius-public.s3.us-west-2.amazonaws.com/rima/print/scraped_printed_issue/1271/issue.pdf,https://archivarius-public.s3.us-west-2.amazonaws.com/rima/print/scraped_printed_issue/1271/cover.jpg,
2001-12-21,№ 25 (71),https://archivarius-public.s3.us-west-2.amazonaws.com/rima/print/scraped_printed_issue/1184/issue.pdf,https://archivarius-public.s3.us-west-2.amazonaws.com/rima/print/scraped_printed_issue/1184/cover.jpg,
2002-01-18,№ 1 (72),https://archivarius-public.s3.us-west-2.amazonaws.com/rima/print/scraped_printed_issue/1276/issue.pdf,https://archivarius-public.s3.us-west-2.amazonaws.com/rima/print/scraped_printed_issue/1276/cover.jpg,
2002-02-01,№ 2 (73),https://archivarius-public.s3.us-west-2.amazonaws.com/rima/print/scraped_printed_issue/1278/issue.pdf,https://archivarius-public.s3.us-west-2.amazonaws.com/rima/print/scraped_printed_issue/1278/cover.jpg,
2002-02-15,№ 3 (74),https://archivarius-public.s3.us-west-2.amazonaws.com/rima/print/scraped_printed_issue/1401/issue.pdf,https://archivarius-public.s3.us-west-2.amazonaws.com/rima/print/scraped_printed_issue/1401/cover.jpg,
2002-03-01,№ 5 (76),https://archivarius-public.s3.us-west-2.amazonaws.com/rima/print/scraped_printed_issue/1235/issue.pdf,https://archivarius-public.s3.us-west-2.amazonaws.com/rima/print/scraped_printed_issue/1235/cover.jpg,
2002-03-15,№ 4 (76),https://archivarius-public.s3.us-west-2.amazonaws.com/rima/print/scraped_printed_issue/1196/issue.pdf,https://archivarius-public.s3.us-west-2.amazonaws.com/rima/print/scraped_printed_issue/1196/cover.jpg,
2002-04-12,№ 7 (78),https://archivarius-public.s3.us-west-2.amazonaws.com/rima/print/scraped_printed_issue/1393/issue.pdf,https://archivarius-public.s3.us-west-2.amazonaws.com/rima/print/scraped_printed_issue/1393/cover.jpg,
2002-04-26,№ 8 (79),https://archivarius-public.s3.us-west-2.amazonaws.com/rima/print/scraped_printed_issue/1367/issue.pdf,https://archivarius-public.s3.us-west-2.amazonaws.com/rima/print/scraped_printed_issue/1367/cover.jpg,
2002-05-10,№ 9 (80),https://archivarius-public.s3.us-west-2.amazonaws.com/rima/print/scraped_printed_issue/1161/issue.pdf,https://archivarius-public.s3.us-west-2.amazonaws.com/rima/print/scraped_printed_issue/1161/cover.jpg,
2002-05-24,№ 10 (81),https://archivarius-public.s3.us-west-2.amazonaws.com/rima/print/scraped_printed_issue/1254/issue.pdf,https://archivarius-public.s3.us-west-2.amazonaws.com/rima/print/scraped_printed_issue/1254/cover.jpg,
2002-06-07,№ 11 (82),https://archivarius-public.s3.us-west-2.amazonaws.com/rima/print/scraped_printed_issue/1200/issue.pdf,https://archivarius-public.s3.us-west-2.amazonaws.com/rima/print/scraped_printed_issue/1200/cover.jpg,
2002-06-21,№ 12 (83),https://archivarius-public.s3.us-west-2.amazonaws.com/rima/print/scraped_printed_issue/1199/issue.pdf,https://archivarius-public.s3.us-west-2.amazonaws.com/rima/print/scraped_printed_issue/1199/cover.jpg,
2002-07-05,№ 13 (84),https://archivarius-public.s3.us-west-2.amazonaws.com/rima/print/scraped_printed_issue/1113/issue.pdf,https://archivarius-public.s3.us-west-2.amazonaws.com/rima/print/scraped_printed_issue/1113/cover.jpg,
2002-07-19,№ 14 (85),https://archivarius-public.s3.us-west-2.amazonaws.com/rima/print/scraped_printed_issue/1294/issue.pdf,https://archivarius-public.s3.us-west-2.amazonaws.com/rima/print/scraped_printed_issue/1294/cover.jpg,
2002-08-02,№ 15 (86),https://archivarius-public.s3.us-west-2.amazonaws.com/rima/print/scraped_printed_issue/1348/issue.pdf,https://archivarius-public.s3.us-west-2.amazonaws.com/rima/print/scraped_printed_issue/1348/cover.jpg,
2002-08-30,№ 16 (87),https://archivarius-public.s3.us-west-2.amazonaws.com/rima/print/scraped_printed_issue/1352/issue.pdf,https://archivarius-public.s3.us-west-2.amazonaws.com/rima/print/scraped_printed_issue/1352/cover.jpg,
2002-09-13,№ 17 (88),https://archivarius-public.s3.us-west-2.amazonaws.com/rima/print/scraped_printed_issue/1108/issue.pdf,https://archivarius-public.s3.us-west-2.amazonaws.com/rima/print/scraped_printed_issue/1108/cover.jpg,
2002-09-27,№ 18 (89),https://archivarius-public.s3.us-west-2.amazonaws.com/rima/print/scraped_printed_issue/1125/issue.pdf,https://archivarius-public.s3.us-west-2.amazonaws.com/rima/print/scraped_printed_issue/1125/cover.jpg,
2002-10-11,№ 19 (90),https://archivarius-public.s3.us-west-2.amazonaws.com/rima/print/scraped_printed_issue/1449/issue.pdf,https://archivarius-public.s3.us-west-2.amazonaws.com/rima/print/scraped_printed_issue/1449/cover.jpg,
2002-10-25,№ 20 (91),https://archivarius-public.s3.us-west-2.amazonaws.com/rima/print/scraped_printed_issue/1430/issue.pdf,https://archivarius-public.s3.us-west-2.amazonaws.com/rima/print/scraped_printed_issue/1430/cover.jpg,
2002-11-08,№ 21 (92),https://archivarius-public.s3.us-west-2.amazonaws.com/rima/print/scraped_printed_issue/1388/issue.pdf,https://archivarius-public.s3.us-west-2.amazonaws.com/rima/print/scraped_printed_issue/1388/cover.jpg,
2002-11-22,№ 22 (93),https://archivarius-public.s3.us-west-2.amazonaws.com/rima/print/scraped_printed_issue/1384/issue.pdf,https://archivarius-public.s3.us-west-2.amazonaws.com/rima/print/scraped_printed_issue/1384/cover.jpg,
2002-12-06,№ 23 (94),https://archivarius-public.s3.us-west-2.amazonaws.com/rima/print/scraped_printed_issue/1274/issue.pdf,https://archivarius-public.s3.us-west-2.amazonaws.com/rima/print/scraped_printed_issue/1274/cover.jpg,
2002-12-20,№ 24 (95),https://archivarius-public.s3.us-west-2.amazonaws.com/rima/print/scraped_printed_issue/1128/issue.pdf,https://archivarius-public.s3.us-west-2.amazonaws.com/rima/print/scraped_printed_issue/1128/cover.jpg,
2003-01-17,№ 1 (96),https://archivarius-public.s3.us-west-2.amazonaws.com/rima/print/scraped_printed_issue/1417/issue.pdf,https://archivarius-public.s3.us-west-2.amazonaws.com/rima/print/scraped_printed_issue/1417/cover.jpg,
2003-01-31,№ 2 (97),https://archivarius-public.s3.us-west-2.amazonaws.com/rima/print/scraped_printed_issue/1418/issue.pdf,https://archivarius-public.s3.us-west-2.amazonaws.com/rima/print/scraped_printed_issue/1418/cover.jpg,
2003-02-14,№ 3 (98),https://archivarius-public.s3.us-west-2.amazonaws.com/rima/print/scraped_printed_issue/1207/issue.pdf,https://archivarius-public.s3.us-west-2.amazonaws.com/rima/print/scraped_printed_issue/1207/cover.jpg,
2003-02-28,№ 4 (99),https://archivarius-public.s3.us-west-2.amazonaws.com/rima/print/scraped_printed_issue/1357/issue.pdf,https://archivarius-public.s3.us-west-2.amazonaws.com/rima/print/scraped_printed_issue/1357/cover.jpg,
2003-03-14,№ 5 (100),https://archivarius-public.s3.us-west-2.amazonaws.com/rima/print/scraped_printed_issue/1220/issue.pdf,https://archivarius-public.s3.us-west-2.amazonaws.com/rima/print/scraped_printed_issue/1220/cover.jpg,
2003-03-28,№ 6 (101),https://archivarius-public.s3.us-west-2.amazonaws.com/rima/print/scraped_printed_issue/1395/issue.pdf,https://archivarius-public.s3.us-west-2.amazonaws.com/rima/print/scraped_printed_issue/1395/cover.jpg,
2003-04-11,№ 7 (102),https://archivarius-public.s3.us-west-2.amazonaws.com/rima/print/scraped_printed_issue/1302/issue.pdf,https://archivarius-public.s3.us-west-2.amazonaws.com/rima/print/scraped_printed_issue/1302/cover.jpg,
2003-04-25,№ 8 (103),https://archivarius-public.s3.us-west-2.amazonaws.com/rima/print/scraped_printed_issue/1402/issue.pdf,https://archivarius-public.s3.us-west-2.amazonaws.com/rima/print/scraped_printed_issue/1402/cover.jpg,
2003-05-09,№ 9 (104),https://archivarius-public.s3.us-west-2.amazonaws.com/rima/print/scraped_printed_issue/1420/issue.pdf,https://archivarius-public.s3.us-west-2.amazonaws.com/rima/print/scraped_printed_issue/1420/cover.jpg,
2003-05-23,№ 10 (105),https://archivarius-public.s3.us-west-2.amazonaws.com/rima/print/scraped_printed_issue/1237/issue.pdf,https://archivarius-public.s3.us-west-2.amazonaws.com/rima/print/scraped_printed_issue/1237/cover.jpg,
2003-06-06,№ 11 (106),https://archivarius-public.s3.us-west-2.amazonaws.com/rima/print/scraped_printed_issue/1146/issue.pdf,https://archivarius-public.s3.us-west-2.amazonaws.com/rima/print/scraped_printed_issue/1146/cover.jpg,
2003-06-20,№ 12 (107),https://archivarius-public.s3.us-west-2.amazonaws.com/rima/print/scraped_printed_issue/1293/issue.pdf,https://archivarius-public.s3.us-west-2.amazonaws.com/rima/print/scraped_printed_issue/1293/cover.jpg,
2003-07-04,№ 13 (108),https://archivarius-public.s3.us-west-2.amazonaws.com/rima/print/scraped_printed_issue/1191/issue.pdf,https://archivarius-public.s3.us-west-2.amazonaws.com/rima/print/scraped_printed_issue/1191/cover.jpg,
2003-07-18,№ 14 (109),https://archivarius-public.s3.us-west-2.amazonaws.com/rima/print/scraped_printed_issue/1371/issue.pdf,https://archivarius-public.s3.us-west-2.amazonaws.com/rima/print/scraped_printed_issue/1371/cover.jpg,
2003-08-01,№ 15 (110),https://archivarius-public.s3.us-west-2.amazonaws.com/rima/print/scraped_printed_issue/1170/issue.pdf,https://archivarius-public.s3.us-west-2.amazonaws.com/rima/print/scraped_printed_issue/1170/cover.jpg,
2003-08-29,№ 16 (111),https://archivarius-public.s3.us-west-2.amazonaws.com/rima/print/scraped_printed_issue/1439/issue.pdf,https://archivarius-public.s3.us-west-2.amazonaws.com/rima/print/scraped_printed_issue/1439/cover.jpg,
2003-09-12,№ 17 (112),https://archivarius-public.s3.us-west-2.amazonaws.com/rima/print/scraped_printed_issue/1350/issue.pdf,https://archivarius-public.s3.us-west-2.amazonaws.com/rima/print/scraped_printed_issue/1350/cover.jpg,
2003-09-26,№ 18 (113),https://archivarius-public.s3.us-west-2.amazonaws.com/rima/print/scraped_printed_issue/1442/issue.pdf,https://archivarius-public.s3.us-west-2.amazonaws.com/rima/print/scraped_printed_issue/1442/cover.jpg,
2003-10-10,№ 19 (114),https://archivarius-public.s3.us-west-2.amazonaws.com/rima/print/scraped_printed_issue/1364/issue.pdf,https://archivarius-public.s3.us-west-2.amazonaws.com/rima/print/scraped_printed_issue/1364/cover.jpg,
2003-10-24,№ 20 (115),https://archivarius-public.s3.us-west-2.amazonaws.com/rima/print/scraped_printed_issue/1097/issue.pdf,https://archivarius-public.s3.us-west-2.amazonaws.com/rima/print/scraped_printed_issue/1097/cover.jpg,
2003-11-07,№ 21 (116),https://archivarius-public.s3.us-west-2.amazonaws.com/rima/print/scraped_printed_issue/1169/issue.pdf,https://archivarius-public.s3.us-west-2.amazonaws.com/rima/print/scraped_printed_issue/1169/cover.jpg,
2003-11-21,№ 22 (117),https://archivarius-public.s3.us-west-2.amazonaws.com/rima/print/scraped_printed_issue/1446/issue.pdf,https://archivarius-public.s3.us-west-2.amazonaws.com/rima/print/scraped_printed_issue/1446/cover.jpg,
2003-12-05,№ 23 (118),https://archivarius-public.s3.us-west-2.amazonaws.com/rima/print/scraped_printed_issue/1139/issue.pdf,https://archivarius-public.s3.us-west-2.amazonaws.com/rima/print/scraped_printed_issue/1139/cover.jpg,
2003-12-19,№ 24 (119),https://archivarius-public.s3.us-west-2.amazonaws.com/rima/print/scraped_printed_issue/1317/issue.pdf,https://archivarius-public.s3.us-west-2.amazonaws.com/rima/print/scraped_printed_issue/1317/cover.jpg,
2004-01-16,№ 1 (120),https://archivarius-public.s3.us-west-2.amazonaws.com/rima/print/scraped_printed_issue/1379/issue.pdf,https://archivarius-public.s3.us-west-2.amazonaws.com/rima/print/scraped_printed_issue/1379/cover.jpg,
2004-01-30,№ 2 (121),https://archivarius-public.s3.us-west-2.amazonaws.com/rima/print/scraped_printed_issue/1225/issue.pdf,https://archivarius-public.s3.us-west-2.amazonaws.com/rima/print/scraped_printed_issue/1225/cover.jpg,
2004-02-13,№ 3 (122),https://archivarius-public.s3.us-west-2.amazonaws.com/rima/print/scraped_printed_issue/1152/issue.pdf,https://archivarius-public.s3.us-west-2.amazonaws.com/rima/print/scraped_printed_issue/1152/cover.jpg,
2004-02-27,№ 4 (123),https://archivarius-public.s3.us-west-2.amazonaws.com/rima/print/scraped_printed_issue/1328/issue.pdf,https://archivarius-public.s3.us-west-2.amazonaws.com/rima/print/scraped_printed_issue/1328/cover.jpg,
2004-03-26,№ 6 (125),https://archivarius-public.s3.us-west-2.amazonaws.com/rima/print/scraped_printed_issue/1137/issue.pdf,https://archivarius-public.s3.us-west-2.amazonaws.com/rima/print/scraped_printed_issue/1137/cover.jpg,
2004-04-09,№ 7 (126),https://archivarius-public.s3.us-west-2.amazonaws.com/rima/print/scraped_printed_issue/1215/issue.pdf,https://archivarius-public.s3.us-west-2.amazonaws.com/rima/print/scraped_printed_issue/1215/cover.jpg,
2004-04-23,№ 8 (127),https://archivarius-public.s3.us-west-2.amazonaws.com/rima/print/scraped_printed_issue/1140/issue.pdf,https://archivarius-public.s3.us-west-2.amazonaws.com/rima/print/scraped_printed_issue/1140/cover.jpg,
2004-05-07,№ 9 (128),https://archivarius-public.s3.us-west-2.amazonaws.com/rima/print/scraped_printed_issue/1435/issue.pdf,https://archivarius-public.s3.us-west-2.amazonaws.com/rima/print/scraped_printed_issue/1435/cover.jpg,
2004-05-21,№ 10 (129),https://archivarius-public.s3.us-west-2.amazonaws.com/rima/print/scraped_printed_issue/1259/issue.pdf,https://archivarius-public.s3.us-west-2.amazonaws.com/rima/print/scraped_printed_issue/1259/cover.jpg,
2004-06-04,№ 11 (130),https://archivarius-public.s3.us-west-2.amazonaws.com/rima/print/scraped_printed_issue/1434/issue.pdf,https://archivarius-public.s3.us-west-2.amazonaws.com/rima/print/scraped_printed_issue/1434/cover.jpg,
2004-06-18,№ 12 (131),https://archivarius-public.s3.us-west-2.amazonaws.com/rima/print/scraped_printed_issue/1188/issue.pdf,https://archivarius-public.s3.us-west-2.amazonaws.com/rima/print/scraped_printed_issue/1188/cover.jpg,
2004-07-02,№ 13 (132),https://archivarius-public.s3.us-west-2.amazonaws.com/rima/print/scraped_printed_issue/1105/issue.pdf,https://archivarius-public.s3.us-west-2.amazonaws.com/rima/print/scraped_printed_issue/1105/cover.jpg,
2004-07-16,№ 14 (133),https://archivarius-public.s3.us-west-2.amazonaws.com/rima/print/scraped_printed_issue/1282/issue.pdf,https://archivarius-public.s3.us-west-2.amazonaws.com/rima/print/scraped_printed_issue/1282/cover.jpg,
2004-07-30,№ 15 (134),https://archivarius-public.s3.us-west-2.amazonaws.com/rima/print/scraped_printed_issue/1343/issue.pdf,https://archivarius-public.s3.us-west-2.amazonaws.com/rima/print/scraped_printed_issue/1343/cover.jpg,
2004-08-27,№ 16 (135),https://archivarius-public.s3.us-west-2.amazonaws.com/rima/print/scraped_printed_issue/1090/issue.pdf,https://archivarius-public.s3.us-west-2.amazonaws.com/rima/print/scraped_printed_issue/1090/cover.jpg,
2004-09-10,№ 17 (136),https://archivarius-public.s3.us-west-2.amazonaws.com/rima/print/scraped_printed_issue/1172/issue.pdf,https://archivarius-public.s3.us-west-2.amazonaws.com/rima/print/scraped_printed_issue/1172/cover.jpg,
2004-09-24,№ 18 (137),https://archivarius-public.s3.us-west-2.amazonaws.com/rima/print/scraped_printed_issue/1093/issue.pdf,https://archivarius-public.s3.us-west-2.amazonaws.com/rima/print/scraped_printed_issue/1093/cover.jpg,
2004-10-08,№ 19 (138),https://archivarius-public.s3.us-west-2.amazonaws.com/rima/print/scraped_printed_issue/1400/issue.pdf,https://archivarius-public.s3.us-west-2.amazonaws.com/rima/print/scraped_printed_issue/1400/cover.jpg,
2004-10-22,№ 20 (139),https://archivarius-public.s3.us-west-2.amazonaws.com/rima/print/scraped_printed_issue/1116/issue.pdf,https://archivarius-public.s3.us-west-2.amazonaws.com/rima/print/scraped_printed_issue/1116/cover.jpg,
2004-11-05,№ 21 (140),https://archivarius-public.s3.us-west-2.amazonaws.com/rima/print/scraped_printed_issue/1111/issue.pdf,https://archivarius-public.s3.us-west-2.amazonaws.com/rima/print/scraped_printed_issue/1111/cover.jpg,
2004-11-19,№ 22 (141),https://archivarius-public.s3.us-west-2.amazonaws.com/rima/print/scraped_printed_issue/1335/issue.pdf,https://archivarius-public.s3.us-west-2.amazonaws.com/rima/print/scraped_printed_issue/1335/cover.jpg,
2004-12-03,№ 23 (142),https://archivarius-public.s3.us-west-2.amazonaws.com/rima/print/scraped_printed_issue/1424/issue.pdf,https://archivarius-public.s3.us-west-2.amazonaws.com/rima/print/scraped_printed_issue/1424/cover.jpg,
2004-12-17,№ 24 (143),https://archivarius-public.s3.us-west-2.amazonaws.com/rima/print/scraped_printed_issue/1240/issue.pdf,https://archivarius-public.s3.us-west-2.amazonaws.com/rima/print/scraped_printed_issue/1240/cover.jpg,
2005-01-14,№ 1 (144),https://archivarius-public.s3.us-west-2.amazonaws.com/rima/print/scraped_printed_issue/1160/issue.pdf,https://archivarius-public.s3.us-west-2.amazonaws.com/rima/print/scraped_printed_issue/1160/cover.jpg,
2005-01-28,№ 2 (145),https://archivarius-public.s3.us-west-2.amazonaws.com/rima/print/scraped_printed_issue/1289/issue.pdf,https://archivarius-public.s3.us-west-2.amazonaws.com/rima/print/scraped_printed_issue/1289/cover.jpg,
2005-02-11,№ 3 (146),https://archivarius-public.s3.us-west-2.amazonaws.com/rima/print/scraped_printed_issue/1363/issue.pdf,https://archivarius-public.s3.us-west-2.amazonaws.com/rima/print/scraped_printed_issue/1363/cover.jpg,
2005-02-25,№ 4 (147),https://archivarius-public.s3.us-west-2.amazonaws.com/rima/print/scraped_printed_issue/1179/issue.pdf,https://archivarius-public.s3.us-west-2.amazonaws.com/rima/print/scraped_printed_issue/1179/cover.jpg,
2005-03-11,№ 5 (148),https://archivarius-public.s3.us-west-2.amazonaws.com/rima/print/scraped_printed_issue/1301/issue.pdf,https://archivarius-public.s3.us-west-2.amazonaws.com/rima/print/scraped_printed_issue/1301/cover.jpg,
2005-03-25,№ 6 (149),https://archivarius-public.s3.us-west-2.amazonaws.com/rima/print/scraped_printed_issue/1151/issue.pdf,https://archivarius-public.s3.us-west-2.amazonaws.com/rima/print/scraped_printed_issue/1151/cover.jpg,
2005-04-08,№ 7 (150),https://archivarius-public.s3.us-west-2.amazonaws.com/rima/print/scraped_printed_issue/1312/issue.pdf,https://archivarius-public.s3.us-west-2.amazonaws.com/rima/print/scraped_printed_issue/1312/cover.jpg,
2005-05-06,№ 9 (152),https://archivarius-public.s3.us-west-2.amazonaws.com/rima/print/scraped_printed_issue/1314/issue.pdf,https://archivarius-public.s3.us-west-2.amazonaws.com/rima/print/scraped_printed_issue/1314/cover.jpg,
2005-05-20,№ 10 (153),https://archivarius-public.s3.us-west-2.amazonaws.com/rima/print/scraped_printed_issue/1131/issue.pdf,https://archivarius-public.s3.us-west-2.amazonaws.com/rima/print/scraped_printed_issue/1131/cover.jpg,
2005-06-03,№ 11 (154),https://archivarius-public.s3.us-west-2.amazonaws.com/rima/print/scraped_printed_issue/1119/issue.pdf,https://archivarius-public.s3.us-west-2.amazonaws.com/rima/print/scraped_printed_issue/1119/cover.jpg,
2005-06-17,№ 12 (155),https://archivarius-public.s3.us-west-2.amazonaws.com/rima/print/scraped_printed_issue/1322/issue.pdf,https://archivarius-public.s3.us-west-2.amazonaws.com/rima/print/scraped_printed_issue/1322/cover.jpg,
2005-07-01,№ 13 (156),https://archivarius-public.s3.us-west-2.amazonaws.com/rima/print/scraped_printed_issue/1419/issue.pdf,https://archivarius-public.s3.us-west-2.amazonaws.com/rima/print/scraped_printed_issue/1419/cover.jpg,
2005-07-15,№ 14 (157),https://archivarius-public.s3.us-west-2.amazonaws.com/rima/print/scraped_printed_issue/1234/issue.pdf,https://archivarius-public.s3.us-west-2.amazonaws.com/rima/print/scraped_printed_issue/1234/cover.jpg,
2005-07-29,№ 15 (158),https://archivarius-public.s3.us-west-2.amazonaws.com/rima/print/scraped_printed_issue/1334/issue.pdf,https://archivarius-public.s3.us-west-2.amazonaws.com/rima/print/scraped_printed_issue/1334/cover.jpg,
2005-08-26,№ 16 (159),https://archivarius-public.s3.us-west-2.amazonaws.com/rima/print/scraped_printed_issue/1106/issue.pdf,https://archivarius-public.s3.us-west-2.amazonaws.com/rima/print/scraped_printed_issue/1106/cover.jpg,
2005-09-09,№ 17 (160),https://archivarius-public.s3.us-west-2.amazonaws.com/rima/print/scraped_printed_issue/1109/issue.pdf,https://archivarius-public.s3.us-west-2.amazonaws.com/rima/print/scraped_printed_issue/1109/cover.jpg,
2005-09-23,№ 18 (161),https://archivarius-public.s3.us-west-2.amazonaws.com/rima/print/scraped_printed_issue/1187/issue.pdf,https://archivarius-public.s3.us-west-2.amazonaws.com/rima/print/scraped_printed_issue/1187/cover.jpg,
2005-10-21,№ 20 (163),https://archivarius-public.s3.us-west-2.amazonaws.com/rima/print/scraped_printed_issue/1358/issue.pdf,https://archivarius-public.s3.us-west-2.amazonaws.com/rima/print/scraped_printed_issue/1358/cover.jpg,
2005-11-04,№ 21 (164),https://archivarius-public.s3.us-west-2.amazonaws.com/rima/print/scraped_printed_issue/1433/issue.pdf,https://archivarius-public.s3.us-west-2.amazonaws.com/rima/print/scraped_printed_issue/1433/cover.jpg,
2005-11-18,№ 22 (165),https://archivarius-public.s3.us-west-2.amazonaws.com/rima/print/scraped_printed_issue/1186/issue.pdf,https://archivarius-public.s3.us-west-2.amazonaws.com/rima/print/scraped_printed_issue/1186/cover.jpg,
2005-12-02,№ 23 (166),https://archivarius-public.s3.us-west-2.amazonaws.com/rima/print/scraped_printed_issue/1103/issue.pdf,https://archivarius-public.s3.us-west-2.amazonaws.com/rima/print/scraped_printed_issue/1103/cover.jpg,
2005-12-16,№ 24 (167),https://archivarius-public.s3.us-west-2.amazonaws.com/rima/print/scraped_printed_issue/1284/issue.pdf,https://archivarius-public.s3.us-west-2.amazonaws.com/rima/print/scraped_printed_issue/1284/cover.jpg,
2006-01-13,№ 1 (168),https://archivarius-public.s3.us-west-2.amazonaws.com/rima/print/scraped_printed_issue/1135/issue.pdf,https://archivarius-public.s3.us-west-2.amazonaws.com/rima/print/scraped_printed_issue/1135/cover.jpg,
2006-01-27,№ 2 (169),https://archivarius-public.s3.us-west-2.amazonaws.com/rima/print/scraped_printed_issue/1304/issue.pdf,https://archivarius-public.s3.us-west-2.amazonaws.com/rima/print/scraped_printed_issue/1304/cover.jpg,
2006-02-10,№ 3 (170),https://archivarius-public.s3.us-west-2.amazonaws.com/rima/print/scraped_printed_issue/1120/issue.pdf,https://archivarius-public.s3.us-west-2.amazonaws.com/rima/print/scraped_printed_issue/1120/cover.jpg,
2006-02-24,№ 4 (171),https://archivarius-public.s3.us-west-2.amazonaws.com/rima/print/scraped_printed_issue/1299/issue.pdf,https://archivarius-public.s3.us-west-2.amazonaws.com/rima/print/scraped_printed_issue/1299/cover.jpg,
2006-03-10,№ 5 (172),https://archivarius-public.s3.us-west-2.amazonaws.com/rima/print/scraped_printed_issue/1373/issue.pdf,https://archivarius-public.s3.us-west-2.amazonaws.com/rima/print/scraped_printed_issue/1373/cover.jpg,
2006-03-24,№ 6 (173),https://archivarius-public.s3.us-west-2.amazonaws.com/rima/print/scraped_printed_issue/1228/issue.pdf,https://archivarius-public.s3.us-west-2.amazonaws.com/rima/print/scraped_printed_issue/1228/cover.jpg,
2006-04-07,№ 7 (174),https://archivarius-public.s3.us-west-2.amazonaws.com/rima/print/scraped_printed_issue/1203/issue.pdf,https://archivarius-public.s3.us-west-2.amazonaws.com/rima/print/scraped_printed_issue/1203/cover.jpg,
2006-04-21,№ 8 (175),https://archivarius-public.s3.us-west-2.amazonaws.com/rima/print/scraped_printed_issue/1130/issue.pdf,https://archivarius-public.s3.us-west-2.amazonaws.com/rima/print/scraped_printed_issue/1130/cover.jpg,
2006-05-05,№ 9 (176),https://archivarius-public.s3.us-west-2.amazonaws.com/rima/print/scraped_printed_issue/1206/issue.pdf,https://archivarius-public.s3.us-west-2.amazonaws.com/rima/print/scraped_printed_issue/1206/cover.jpg,
2006-05-19,№ 10 (177),https://archivarius-public.s3.us-west-2.amazonaws.com/rima/print/scraped_printed_issue/1386/issue.pdf,https://archivarius-public.s3.us-west-2.amazonaws.com/rima/print/scraped_printed_issue/1386/cover.jpg,
2006-06-02,№ 11 (178),https://archivarius-public.s3.us-west-2.amazonaws.com/rima/print/scraped_printed_issue/1099/issue.pdf,https://archivarius-public.s3.us-west-2.amazonaws.com/rima/print/scraped_printed_issue/1099/cover.jpg,
2006-06-16,№ 12 (179),https://archivarius-public.s3.us-west-2.amazonaws.com/rima/print/scraped_printed_issue/1347/issue.pdf,https://archivarius-public.s3.us-west-2.amazonaws.com/rima/print/scraped_printed_issue/1347/cover.jpg,
2006-06-30,№ 13 (180),https://archivarius-public.s3.us-west-2.amazonaws.com/rima/print/scraped_printed_issue/1144/issue.pdf,https://archivarius-public.s3.us-west-2.amazonaws.com/rima/print/scraped_printed_issue/1144/cover.jpg,
2006-07-14,№ 14 (181),https://archivarius-public.s3.us-west-2.amazonaws.com/rima/print/scraped_printed_issue/1325/issue.pdf,https://archivarius-public.s3.us-west-2.amazonaws.com/rima/print/scraped_printed_issue/1325/cover.jpg,
2006-07-28,№ 15 (182),https://archivarius-public.s3.us-west-2.amazonaws.com/rima/print/scraped_printed_issue/1422/issue.pdf,https://archivarius-public.s3.us-west-2.amazonaws.com/rima/print/scraped_printed_issue/1422/cover.jpg,
2006-08-25,№ 16 (183),https://archivarius-public.s3.us-west-2.amazonaws.com/rima/print/scraped_printed_issue/1202/issue.pdf,https://archivarius-public.s3.us-west-2.amazonaws.com/rima/print/scraped_printed_issue/1202/cover.jpg,
2006-09-08,№ 17 (184),https://archivarius-public.s3.us-west-2.amazonaws.com/rima/print/scraped_printed_issue/1218/issue.pdf,https://archivarius-public.s3.us-west-2.amazonaws.com/rima/print/scraped_printed_issue/1218/cover.jpg,
2006-09-22,№ 18 (185),https://archivarius-public.s3.us-west-2.amazonaws.com/rima/print/scraped_printed_issue/1136/issue.pdf,https://archivarius-public.s3.us-west-2.amazonaws.com/rima/print/scraped_printed_issue/1136/cover.jpg,
2006-10-06,№ 19 (186),https://archivarius-public.s3.us-west-2.amazonaws.com/rima/print/scraped_printed_issue/1222/issue.pdf,https://archivarius-public.s3.us-west-2.amazonaws.com/rima/print/scraped_printed_issue/1222/cover.jpg,
2006-10-20,№ 20 (187),https://archivarius-public.s3.us-west-2.amazonaws.com/rima/print/scraped_printed_issue/1326/issue.pdf,https://archivarius-public.s3.us-west-2.amazonaws.com/rima/print/scraped_printed_issue/1326/cover.jpg,
2006-11-03,№ 21 (188),https://archivarius-public.s3.us-west-2.amazonaws.com/rima/print/scraped_printed_issue/1246/issue.pdf,https://archivarius-public.s3.us-west-2.amazonaws.com/rima/print/scraped_printed_issue/1246/cover.jpg,
2006-11-17,№ 22 (189),https://archivarius-public.s3.us-west-2.amazonaws.com/rima/print/scraped_printed_issue/1369/issue.pdf,https://archivarius-public.s3.us-west-2.amazonaws.com/rima/print/scraped_printed_issue/1369/cover.jpg,
2006-12-01,№ 23 (190),https://archivarius-public.s3.us-west-2.amazonaws.com/rima/print/scraped_printed_issue/1171/issue.pdf,https://archivarius-public.s3.us-west-2.amazonaws.com/rima/print/scraped_printed_issue/1171/cover.jpg,
2007-01-12,№ 1 (192),https://archivarius-public.s3.us-west-2.amazonaws.com/rima/print/scraped_printed_issue/1428/issue.pdf,https://archivarius-public.s3.us-west-2.amazonaws.com/rima/print/scraped_printed_issue/1428/cover.jpg,
2007-01-26,№ 2 (193),https://archivarius-public.s3.us-west-2.amazonaws.com/rima/print/scraped_printed_issue/1178/issue.pdf,https://archivarius-public.s3.us-west-2.amazonaws.com/rima/print/scraped_printed_issue/1178/cover.jpg,
2007-02-09,№ 3 (194),https://archivarius-public.s3.us-west-2.amazonaws.com/rima/print/scraped_printed_issue/1257/issue.pdf,https://archivarius-public.s3.us-west-2.amazonaws.com/rima/print/scraped_printed_issue/1257/cover.jpg,
2007-02-23,№ 4 (195),https://archivarius-public.s3.us-west-2.amazonaws.com/rima/print/scraped_printed_issue/1445/issue.pdf,https://archivarius-public.s3.us-west-2.amazonaws.com/rima/print/scraped_printed_issue/1445/cover.jpg,
2007-03-09,№ 5 (196),https://archivarius-public.s3.us-west-2.amazonaws.com/rima/print/scraped_printed_issue/1355/issue.pdf,https://archivarius-public.s3.us-west-2.amazonaws.com/rima/print/scraped_printed_issue/1355/cover.jpg,
2007-03-23,№ 6 (197),https://archivarius-public.s3.us-west-2.amazonaws.com/rima/print/scraped_printed_issue/1098/issue.pdf,https://archivarius-public.s3.us-west-2.amazonaws.com/rima/print/scraped_printed_issue/1098/cover.jpg,
2007-04-06,№ 7 (198),https://archivarius-public.s3.us-west-2.amazonaws.com/rima/print/scraped_printed_issue/1394/issue.pdf,https://archivarius-public.s3.us-west-2.amazonaws.com/rima/print/scraped_printed_issue/1394/cover.jpg,
2007-04-20,№ 8 (199),https://archivarius-public.s3.us-west-2.amazonaws.com/rima/print/scraped_printed_issue/1308/issue.pdf,https://archivarius-public.s3.us-west-2.amazonaws.com/rima/print/scraped_printed_issue/1308/cover.jpg,
2007-05-04,№ 9 (200),https://archivarius-public.s3.us-west-2.amazonaws.com/rima/print/scraped_printed_issue/1258/issue.pdf,https://archivarius-public.s3.us-west-2.amazonaws.com/rima/print/scraped_printed_issue/1258/cover.jpg,
2007-05-18,№ 10 (201),https://archivarius-public.s3.us-west-2.amazonaws.com/rima/print/scraped_printed_issue/1438/issue.pdf,https://archivarius-public.s3.us-west-2.amazonaws.com/rima/print/scraped_printed_issue/1438/cover.jpg,
2007-06-01,№ 11 (202),https://archivarius-public.s3.us-west-2.amazonaws.com/rima/print/scraped_printed_issue/1349/issue.pdf,https://archivarius-public.s3.us-west-2.amazonaws.com/rima/print/scraped_printed_issue/1349/cover.jpg,
2007-06-15,№ 12 (203),https://archivarius-public.s3.us-west-2.amazonaws.com/rima/print/scraped_printed_issue/1100/issue.pdf,https://archivarius-public.s3.us-west-2.amazonaws.com/rima/print/scraped_printed_issue/1100/cover.jpg,
2007-06-29,№ 13 (204),https://archivarius-public.s3.us-west-2.amazonaws.com/rima/print/scraped_printed_issue/1158/issue.pdf,https://archivarius-public.s3.us-west-2.amazonaws.com/rima/print/scraped_printed_issue/1158/cover.jpg,
2007-07-13,№ 14 (205),https://archivarius-public.s3.us-west-2.amazonaws.com/rima/print/scraped_printed_issue/1336/issue.pdf,https://archivarius-public.s3.us-west-2.amazonaws.com/rima/print/scraped_printed_issue/1336/cover.jpg,
2007-07-27,№ 15 (206),https://archivarius-public.s3.us-west-2.amazonaws.com/rima/print/scraped_printed_issue/1427/issue.pdf,https://archivarius-public.s3.us-west-2.amazonaws.com/rima/print/scraped_printed_issue/1427/cover.jpg,
2007-08-24,№ 16 (207),https://archivarius-public.s3.us-west-2.amazonaws.com/rima/print/scraped_printed_issue/1183/issue.pdf,https://archivarius-public.s3.us-west-2.amazonaws.com/rima/print/scraped_printed_issue/1183/cover.jpg,
2007-09-07,№ 17 (208),https://archivarius-public.s3.us-west-2.amazonaws.com/rima/print/scraped_printed_issue/1300/issue.pdf,https://archivarius-public.s3.us-west-2.amazonaws.com/rima/print/scraped_printed_issue/1300/cover.jpg,
2007-09-21,№ 18 (209),https://archivarius-public.s3.us-west-2.amazonaws.com/rima/print/scraped_printed_issue/1378/issue.pdf,https://archivarius-public.s3.us-west-2.amazonaws.com/rima/print/scraped_printed_issue/1378/cover.jpg,
2007-10-05,№ 19 (210),https://archivarius-public.s3.us-west-2.amazonaws.com/rima/print/scraped_printed_issue/1212/issue.pdf,https://archivarius-public.s3.us-west-2.amazonaws.com/rima/print/scraped_printed_issue/1212/cover.jpg,
2007-10-19,№ 20 (211),https://archivarius-public.s3.us-west-2.amazonaws.com/rima/print/scraped_printed_issue/1295/issue.pdf,https://archivarius-public.s3.us-west-2.amazonaws.com/rima/print/scraped_printed_issue/1295/cover.jpg,
2007-11-16,№ 22 (213),https://archivarius-public.s3.us-west-2.amazonaws.com/rima/print/scraped_printed_issue/1230/issue.pdf,https://archivarius-public.s3.us-west-2.amazonaws.com/rima/print/scraped_printed_issue/1230/cover.jpg,
2007-12-14,№ 24 (215),https://archivarius-public.s3.us-west-2.amazonaws.com/rima/print/scraped_printed_issue/1404/issue.pdf,https://archivarius-public.s3.us-west-2.amazonaws.com/rima/print/scraped_printed_issue/1404/cover.jpg,
2007-12-28,№ 25 (216),https://archivarius-public.s3.us-west-2.amazonaws.com/rima/print/scraped_printed_issue/1307/issue.pdf,https://archivarius-public.s3.us-west-2.amazonaws.com/rima/print/scraped_printed_issue/1307/cover.jpg,
2008-01-25,№ 1 (217),https://archivarius-public.s3.us-west-2.amazonaws.com/rima/print/scraped_printed_issue/1129/issue.pdf,https://archivarius-public.s3.us-west-2.amazonaws.com/rima/print/scraped_printed_issue/1129/cover.jpg,
2008-02-08,№ 2 (218),https://archivarius-public.s3.us-west-2.amazonaws.com/rima/print/scraped_printed_issue/1396/issue.pdf,https://archivarius-public.s3.us-west-2.amazonaws.com/rima/print/scraped_printed_issue/1396/cover.jpg,
2008-02-22,№ 3 (219),https://archivarius-public.s3.us-west-2.amazonaws.com/rima/print/scraped_printed_issue/1263/issue.pdf,https://archivarius-public.s3.us-west-2.amazonaws.com/rima/print/scraped_printed_issue/1263/cover.jpg,
2008-03-07,№ 4 (220),https://archivarius-public.s3.us-west-2.amazonaws.com/rima/print/scraped_printed_issue/1210/issue.pdf,https://archivarius-public.s3.us-west-2.amazonaws.com/rima/print/scraped_printed_issue/1210/cover.jpg,
2008-03-21,№ 5 (221),https://archivarius-public.s3.us-west-2.amazonaws.com/rima/print/scraped_printed_issue/1437/issue.pdf,https://archivarius-public.s3.us-west-2.amazonaws.com/rima/print/scraped_printed_issue/1437/cover.jpg,
2008-04-04,№ 6 (222),https://archivarius-public.s3.us-west-2.amazonaws.com/rima/print/scraped_printed_issue/1311/issue.pdf,https://archivarius-public.s3.us-west-2.amazonaws.com/rima/print/scraped_printed_issue/1311/cover.jpg,
2008-04-18,№ 7 (223),https://archivarius-public.s3.us-west-2.amazonaws.com/rima/print/scraped_printed_issue/1101/issue.pdf,https://archivarius-public.s3.us-west-2.amazonaws.com/rima/print/scraped_printed_issue/1101/cover.jpg,
2008-05-02,№ 8 (224),https://archivarius-public.s3.us-west-2.amazonaws.com/rima/print/scraped_printed_issue/1381/issue.pdf,https://archivarius-public.s3.us-west-2.amazonaws.com/rima/print/scraped_printed_issue/1381/cover.jpg,
2008-05-16,№ 9 (225),https://archivarius-public.s3.us-west-2.amazonaws.com/rima/print/scraped_printed_issue/1241/issue.pdf,https://archivarius-public.s3.us-west-2.amazonaws.com/rima/print/scraped_printed_issue/1241/cover.jpg,
2008-05-30,№ 10 (226),https://archivarius-public.s3.us-west-2.amazonaws.com/rima/print/scraped_printed_issue/1118/issue.pdf,https://archivarius-public.s3.us-west-2.amazonaws.com/rima/print/scraped_printed_issue/1118/cover.jpg,
2008-06-13,№ 11 (227),https://archivarius-public.s3.us-west-2.amazonaws.com/rima/print/scraped_printed_issue/1337/issue.pdf,https://archivarius-public.s3.us-west-2.amazonaws.com/rima/print/scraped_printed_issue/1337/cover.jpg,
2008-06-27,№ 12 (228),https://archivarius-public.s3.us-west-2.amazonaws.com/rima/print/scraped_printed_issue/1250/issue.pdf,https://archivarius-public.s3.us-west-2.amazonaws.com/rima/print/scraped_printed_issue/1250/cover.jpg,
2008-07-11,№ 13 (229),https://archivarius-public.s3.us-west-2.amazonaws.com/rima/print/scraped_printed_issue/1375/issue.pdf,https://archivarius-public.s3.us-west-2.amazonaws.com/rima/print/scraped_printed_issue/1375/cover.jpg,
2008-07-25,№ 14 (230),https://archivarius-public.s3.us-west-2.amazonaws.com/rima/print/scraped_printed_issue/1261/issue.pdf,https://archivarius-public.s3.us-west-2.amazonaws.com/rima/print/scraped_printed_issue/1261/cover.jpg,
2008-08-22,№ 15 (231),https://archivarius-public.s3.us-west-2.amazonaws.com/rima/print/scraped_printed_issue/1399/issue.pdf,https://archivarius-public.s3.us-west-2.amazonaws.com/rima/print/scraped_printed_issue/1399/cover.jpg,
2008-09-05,№ 16 (232),https://archivarius-public.s3.us-west-2.amazonaws.com/rima/print/scraped_printed_issue/1279/issue.pdf,https://archivarius-public.s3.us-west-2.amazonaws.com/rima/print/scraped_printed_issue/1279/cover.jpg,
2008-09-19,№ 17 (233),https://archivarius-public.s3.us-west-2.amazonaws.com/rima/print/scraped_printed_issue/1134/issue.pdf,https://archivarius-public.s3.us-west-2.amazonaws.com/rima/print/scraped_printed_issue/1134/cover.jpg,
2008-10-03,№ 18 (234),https://archivarius-public.s3.us-west-2.amazonaws.com/rima/print/scraped_printed_issue/1426/issue.pdf,https://archivarius-public.s3.us-west-2.amazonaws.com/rima/print/scraped_printed_issue/1426/cover.jpg,
2008-10-17,№ 19 (235),https://archivarius-public.s3.us-west-2.amazonaws.com/rima/print/scraped_printed_issue/1201/issue.pdf,https://archivarius-public.s3.us-west-2.amazonaws.com/rima/print/scraped_printed_issue/1201/cover.jpg,
2008-10-31,№ 20 (236),https://archivarius-public.s3.us-west-2.amazonaws.com/rima/print/scraped_printed_issue/1251/issue.pdf,https://archivarius-public.s3.us-west-2.amazonaws.com/rima/print/scraped_printed_issue/1251/cover.jpg,
2008-11-14,№ 21 (237),https://archivarius-public.s3.us-west-2.amazonaws.com/rima/print/scraped_printed_issue/1405/issue.pdf,https://archivarius-public.s3.us-west-2.amazonaws.com/rima/print/scraped_printed_issue/1405/cover.jpg,
2008-11-28,№ 22 (238),https://archivarius-public.s3.us-west-2.amazonaws.com/rima/print/scraped_printed_issue/1126/issue.pdf,https://archivarius-public.s3.us-west-2.amazonaws.com/rima/print/scraped_printed_issue/1126/cover.jpg,
2008-12-12,№ 23 (239),https://archivarius-public.s3.us-west-2.amazonaws.com/rima/print/scraped_printed_issue/1346/issue.pdf,https://archivarius-public.s3.us-west-2.amazonaws.com/rima/print/scraped_printed_issue/1346/cover.jpg,
2008-12-26,№ 24 (240),https://archivarius-public.s3.us-west-2.amazonaws.com/rima/print/scraped_printed_issue/1272/issue.pdf,https://archivarius-public.s3.us-west-2.amazonaws.com/rima/print/scraped_printed_issue/1272/cover.jpg,
2009-01-23,№ 1 (241),https://archivarius-public.s3.us-west-2.amazonaws.com/rima/print/scraped_printed_issue/1193/issue.pdf,https://archivarius-public.s3.us-west-2.amazonaws.com/rima/print/scraped_printed_issue/1193/cover.jpg,
2009-02-06,№ 2 (242),https://archivarius-public.s3.us-west-2.amazonaws.com/rima/print/scraped_printed_issue/1107/issue.pdf,https://archivarius-public.s3.us-west-2.amazonaws.com/rima/print/scraped_printed_issue/1107/cover.jpg,
2009-02-20,№ 3 (243),https://archivarius-public.s3.us-west-2.amazonaws.com/rima/print/scraped_printed_issue/1329/issue.pdf,https://archivarius-public.s3.us-west-2.amazonaws.com/rima/print/scraped_printed_issue/1329/cover.jpg,
2009-03-06,№ 4 (244),https://archivarius-public.s3.us-west-2.amazonaws.com/rima/print/scraped_printed_issue/1344/issue.pdf,https://archivarius-public.s3.us-west-2.amazonaws.com/rima/print/scraped_printed_issue/1344/cover.jpg,
2009-03-20,№ 5 (245),https://archivarius-public.s3.us-west-2.amazonaws.com/rima/print/scraped_printed_issue/1127/issue.pdf,https://archivarius-public.s3.us-west-2.amazonaws.com/rima/print/scraped_printed_issue/1127/cover.jpg,
2009-04-03,№ 6 (246),https://archivarius-public.s3.us-west-2.amazonaws.com/rima/print/scraped_printed_issue/1173/issue.pdf,https://archivarius-public.s3.us-west-2.amazonaws.com/rima/print/scraped_printed_issue/1173/cover.jpg,
2009-04-17,№ 7 (247),https://archivarius-public.s3.us-west-2.amazonaws.com/rima/print/scraped_printed_issue/1413/issue.pdf,https://archivarius-public.s3.us-west-2.amazonaws.com/rima/print/scraped_printed_issue/1413/cover.jpg,
2009-05-01,№ 8 (248),https://archivarius-public.s3.us-west-2.amazonaws.com/rima/print/scraped_printed_issue/1398/issue.pdf,https://archivarius-public.s3.us-west-2.amazonaws.com/rima/print/scraped_printed_issue/1398/cover.jpg,
2009-05-15,№ 9 (249),https://archivarius-public.s3.us-west-2.amazonaws.com/rima/print/scraped_printed_issue/1262/issue.pdf,https://archivarius-public.s3.us-west-2.amazonaws.com/rima/print/scraped_printed_issue/1262/cover.jpg,
2009-05-29,№ 10 (250),https://archivarius-public.s3.us-west-2.amazonaws.com/rima/print/scraped_printed_issue/1377/issue.pdf,https://archivarius-public.s3.us-west-2.amazonaws.com/rima/print/scraped_printed_issue/1377/cover.jpg,
2009-06-12,№ 11 (251),https://archivarius-public.s3.us-west-2.amazonaws.com/rima/print/scraped_printed_issue/1247/issue.pdf,https://archivarius-public.s3.us-west-2.amazonaws.com/rima/print/scraped_printed_issue/1247/cover.jpg,
2009-06-26,№ 12 (252),https://archivarius-public.s3.us-west-2.amazonaws.com/rima/print/scraped_printed_issue/1150/issue.pdf,https://archivarius-public.s3.us-west-2.amazonaws.com/rima/print/scraped_printed_issue/1150/cover.jpg,
2009-07-10,№ 13 (253),https://archivarius-public.s3.us-west-2.amazonaws.com/rima/print/scraped_printed_issue/1286/issue.pdf,https://archivarius-public.s3.us-west-2.amazonaws.com/rima/print/scraped_printed_issue/1286/cover.jpg,
2009-07-24,№ 14 (254),https://archivarius-public.s3.us-west-2.amazonaws.com/rima/print/scraped_printed_issue/1309/issue.pdf,https://archivarius-public.s3.us-west-2.amazonaws.com/rima/print/scraped_printed_issue/1309/cover.jpg,
2009-08-21,№ 15 (255),https://archivarius-public.s3.us-west-2.amazonaws.com/rima/print/scraped_printed_issue/1164/issue.pdf,https://archivarius-public.s3.us-west-2.amazonaws.com/rima/print/scraped_printed_issue/1164/cover.jpg,
2009-09-04,№ 16 (256),https://archivarius-public.s3.us-west-2.amazonaws.com/rima/print/scraped_printed_issue/1213/issue.pdf,https://archivarius-public.s3.us-west-2.amazonaws.com/rima/print/scraped_printed_issue/1213/cover.jpg,
2009-09-18,№ 17 (257),https://archivarius-public.s3.us-west-2.amazonaws.com/rima/print/scraped_printed_issue/1362/issue.pdf,https://archivarius-public.s3.us-west-2.amazonaws.com/rima/print/scraped_printed_issue/1362/cover.jpg,
2009-10-02,№ 18 (258),https://archivarius-public.s3.us-west-2.amazonaws.com/rima/print/scraped_printed_issue/1436/issue.pdf,https://archivarius-public.s3.us-west-2.amazonaws.com/rima/print/scraped_printed_issue/1436/cover.jpg,
2009-10-16,№ 19 (259),https://archivarius-public.s3.us-west-2.amazonaws.com/rima/print/scraped_printed_issue/1211/issue.pdf,https://archivarius-public.s3.us-west-2.amazonaws.com/rima/print/scraped_printed_issue/1211/cover.jpg,
2009-10-30,№ 20 (260),https://archivarius-public.s3.us-west-2.amazonaws.com/rima/print/scraped_printed_issue/1163/issue.pdf,https://archivarius-public.s3.us-west-2.amazonaws.com/rima/print/scraped_printed_issue/1163/cover.jpg,
2009-11-13,№ 21 (261),https://archivarius-public.s3.us-west-2.amazonaws.com/rima/print/scraped_printed_issue/1290/issue.pdf,https://archivarius-public.s3.us-west-2.amazonaws.com/rima/print/scraped_printed_issue/1290/cover.jpg,
2009-11-27,№ 22 (262),https://archivarius-public.s3.us-west-2.amazonaws.com/rima/print/scraped_printed_issue/1365/issue.pdf,https://archivarius-public.s3.us-west-2.amazonaws.com/rima/print/scraped_printed_issue/1365/cover.jpg,
2009-12-11,№ 23 (263),https://archivarius-public.s3.us-west-2.amazonaws.com/rima/print/scraped_printed_issue/1236/issue.pdf,https://archivarius-public.s3.us-west-2.amazonaws.com/rima/print/scraped_printed_issue/1236/cover.jpg,
2009-12-25,№ 24 (264),https://archivarius-public.s3.us-west-2.amazonaws.com/rima/print/scraped_printed_issue/1256/issue.pdf,https://archivarius-public.s3.us-west-2.amazonaws.com/rima/print/scraped_printed_issue/1256/cover.jpg,
2010-02-05,№ 2 (266),https://archivarius-public.s3.us-west-2.amazonaws.com/rima/print/scraped_printed_issue/1425/issue.pdf,https://archivarius-public.s3.us-west-2.amazonaws.com/rima/print/scraped_printed_issue/1425/cover.jpg,
2010-04-02,№ 6 (270),https://archivarius-public.s3.us-west-2.amazonaws.com/rima/print/scraped_printed_issue/1303/issue.pdf,https://archivarius-public.s3.us-west-2.amazonaws.com/rima/print/scraped_printed_issue/1303/cover.jpg,
2010-05-14,№ 9 (273),https://archivarius-public.s3.us-west-2.amazonaws.com/rima/print/scraped_printed_issue/1167/issue.pdf,https://archivarius-public.s3.us-west-2.amazonaws.com/rima/print/scraped_printed_issue/1167/cover.jpg,
2010-05-28,№ 10 (274),https://archivarius-public.s3.us-west-2.amazonaws.com/rima/print/scraped_printed_issue/1147/issue.pdf,https://archivarius-public.s3.us-west-2.amazonaws.com/rima/print/scraped_printed_issue/1147/cover.jpg,
2010-06-11,№ 11 (275),https://archivarius-public.s3.us-west-2.amazonaws.com/rima/print/scraped_printed_issue/1288/issue.pdf,https://archivarius-public.s3.us-west-2.amazonaws.com/rima/print/scraped_printed_issue/1288/cover.jpg,
2010-06-25,№ 12 (276),https://archivarius-public.s3.us-west-2.amazonaws.com/rima/print/scraped_printed_issue/1380/issue.pdf,https://archivarius-public.s3.us-west-2.amazonaws.com/rima/print/scraped_printed_issue/1380/cover.jpg,
2010-07-09,№ 13 (277),https://archivarius-public.s3.us-west-2.amazonaws.com/rima/print/scraped_printed_issue/1242/issue.pdf,https://archivarius-public.s3.us-west-2.amazonaws.com/rima/print/scraped_printed_issue/1242/cover.jpg,
2010-07-23,№ 14 (278),https://archivarius-public.s3.us-west-2.amazonaws.com/rima/print/scraped_printed_issue/1285/issue.pdf,https://archivarius-public.s3.us-west-2.amazonaws.com/rima/print/scraped_printed_issue/1285/cover.jpg,
2010-08-20,№ 15 (279),https://archivarius-public.s3.us-west-2.amazonaws.com/rima/print/scraped_printed_issue/1149/issue.pdf,https://archivarius-public.s3.us-west-2.amazonaws.com/rima/print/scraped_printed_issue/1149/cover.jpg,
2010-09-03,№ 16 (280),https://archivarius-public.s3.us-west-2.amazonaws.com/rima/print/scraped_printed_issue/1316/issue.pdf,https://archivarius-public.s3.us-west-2.amazonaws.com/rima/print/scraped_printed_issue/1316/cover.jpg,
2010-09-17,№ 17 (281),https://archivarius-public.s3.us-west-2.amazonaws.com/rima/print/scraped_printed_issue/1095/issue.pdf,https://archivarius-public.s3.us-west-2.amazonaws.com/rima/print/scraped_printed_issue/1095/cover.jpg,
2010-12-10,№ 23 (287),https://archivarius-public.s3.us-west-2.amazonaws.com/rima/print/scraped_printed_issue/1091/issue.pdf,https://archivarius-public.s3.us-west-2.amazonaws.com/rima/print/scraped_printed_issue/1091/cover.jpg,
2011-03-04,№ 4 (292),https://archivarius-public.s3.us-west-2.amazonaws.com/rima/print/scraped_printed_issue/1266/issue.pdf,https://archivarius-public.s3.us-west-2.amazonaws.com/rima/print/scraped_printed_issue/1266/cover.jpg,
2011-04-15,№ 7 (295),https://archivarius-public.s3.us-west-2.amazonaws.com/rima/print/scraped_printed_issue/1194/issue.pdf,https://archivarius-public.s3.us-west-2.amazonaws.com/rima/print/scraped_printed_issue/1194/cover.jpg,
2011-04-29,№ 8 (296),https://archivarius-public.s3.us-west-2.amazonaws.com/rima/print/scraped_printed_issue/1431/issue.pdf,https://archivarius-public.s3.us-west-2.amazonaws.com/rima/print/scraped_printed_issue/1431/cover.jpg,
2011-05-27,№ 10 (298),https://archivarius-public.s3.us-west-2.amazonaws.com/rima/print/scraped_printed_issue/1323/issue.pdf,https://archivarius-public.s3.us-west-2.amazonaws.com/rima/print/scraped_printed_issue/1323/cover.jpg,
2011-06-10,№ 11 (299),https://archivarius-public.s3.us-west-2.amazonaws.com/rima/print/scraped_printed_issue/1112/issue.pdf,https://archivarius-public.s3.us-west-2.amazonaws.com/rima/print/scraped_printed_issue/1112/cover.jpg,
2011-06-24,№ 12 (300),https://archivarius-public.s3.us-west-2.amazonaws.com/rima/print/scraped_printed_issue/1138/issue.pdf,https://archivarius-public.s3.us-west-2.amazonaws.com/rima/print/scraped_printed_issue/1138/cover.jpg,
2011-07-08,№ 13 (301),https://archivarius-public.s3.us-west-2.amazonaws.com/rima/print/scraped_printed_issue/1273/issue.pdf,https://archivarius-public.s3.us-west-2.amazonaws.com/rima/print/scraped_printed_issue/1273/cover.jpg,
2011-07-22,№ 14 (302),https://archivarius-public.s3.us-west-2.amazonaws.com/rima/print/scraped_printed_issue/1409/issue.pdf,https://archivarius-public.s3.us-west-2.amazonaws.com/rima/print/scraped_printed_issue/1409/cover.jpg,
2011-08-19,№ 15 (303),https://archivarius-public.s3.us-west-2.amazonaws.com/rima/print/scraped_printed_issue/1176/issue.pdf,https://archivarius-public.s3.us-west-2.amazonaws.com/rima/print/scraped_printed_issue/1176/cover.jpg,
2011-09-02,№ 16 (304),https://archivarius-public.s3.us-west-2.amazonaws.com/rima/print/scraped_printed_issue/1226/issue.pdf,https://archivarius-public.s3.us-west-2.amazonaws.com/rima/print/scraped_printed_issue/1226/cover.jpg,
2011-09-16,№ 17 (305),https://archivarius-public.s3.us-west-2.amazonaws.com/rima/print/scraped_printed_issue/1370/issue.pdf,https://archivarius-public.s3.us-west-2.amazonaws.com/rima/print/scraped_printed_issue/1370/cover.jpg,
2011-09-30,№ 18 (306),https://archivarius-public.s3.us-west-2.amazonaws.com/rima/print/scraped_printed_issue/1229/issue.pdf,https://archivarius-public.s3.us-west-2.amazonaws.com/rima/print/scraped_printed_issue/1229/cover.jpg,
2011-10-14,№ 19 (307),https://archivarius-public.s3.us-west-2.amazonaws.com/rima/print/scraped_printed_issue/1368/issue.pdf,https://archivarius-public.s3.us-west-2.amazonaws.com/rima/print/scraped_printed_issue/1368/cover.jpg,
2011-10-28,№ 20 (308),https://archivarius-public.s3.us-west-2.amazonaws.com/rima/print/scraped_printed_issue/1253/issue.pdf,https://archivarius-public.s3.us-west-2.amazonaws.com/rima/print/scraped_printed_issue/1253/cover.jpg,
2011-11-11,№ 21 (309),https://archivarius-public.s3.us-west-2.amazonaws.com/rima/print/scraped_printed_issue/1406/issue.pdf,https://archivarius-public.s3.us-west-2.amazonaws.com/rima/print/scraped_printed_issue/1406/cover.jpg,
2011-11-25,№ 22 (310),https://archivarius-public.s3.us-west-2.amazonaws.com/rima/print/scraped_printed_issue/1190/issue.pdf,https://archivarius-public.s3.us-west-2.amazonaws.com/rima/print/scraped_printed_issue/1190/cover.jpg,
2011-12-09,№ 23 (311),https://archivarius-public.s3.us-west-2.amazonaws.com/rima/print/scraped_printed_issue/1416/issue.pdf,https://archivarius-public.s3.us-west-2.amazonaws.com/rima/print/scraped_printed_issue/1416/cover.jpg,
2011-12-23,№ 24 (312),https://archivarius-public.s3.us-west-2.amazonaws.com/rima/print/scraped_printed_issue/1287/issue.pdf,https://archivarius-public.s3.us-west-2.amazonaws.com/rima/print/scraped_printed_issue/1287/cover.jpg,
2012-01-27,№ 1 (313),https://archivarius-public.s3.us-west-2.amazonaws.com/rima/print/scraped_printed_issue/1204/issue.pdf,https://archivarius-public.s3.us-west-2.amazonaws.com/rima/print/scraped_printed_issue/1204/cover.jpg,
2012-02-10,№ 2 (314),https://archivarius-public.s3.us-west-2.amazonaws.com/rima/print/scraped_printed_issue/1248/issue.pdf,https://archivarius-public.s3.us-west-2.amazonaws.com/rima/print/scraped_printed_issue/1248/cover.jpg,
2012-02-24,№ 3 (315),https://archivarius-public.s3.us-west-2.amazonaws.com/rima/print/scraped_printed_issue/1376/issue.pdf,https://archivarius-public.s3.us-west-2.amazonaws.com/rima/print/scraped_printed_issue/1376/cover.jpg,
2012-03-09,№ 4 (316),https://archivarius-public.s3.us-west-2.amazonaws.com/rima/print/scraped_printed_issue/1333/issue.pdf,https://archivarius-public.s3.us-west-2.amazonaws.com/rima/print/scraped_printed_issue/1333/cover.jpg,
2012-03-23,№ 5 (317),https://archivarius-public.s3.us-west-2.amazonaws.com/rima/print/scraped_printed_issue/1121/issue.pdf,https://archivarius-public.s3.us-west-2.amazonaws.com/rima/print/scraped_printed_issue/1121/cover.jpg,
2012-04-06,№ 6 (318),https://archivarius-public.s3.us-west-2.amazonaws.com/rima/print/scraped_printed_issue/1383/issue.pdf,https://archivarius-public.s3.us-west-2.amazonaws.com/rima/print/scraped_printed_issue/1383/cover.jpg,
2012-04-20,№ 7 (319),https://archivarius-public.s3.us-west-2.amazonaws.com/rima/print/scraped_printed_issue/1239/issue.pdf,https://archivarius-public.s3.us-west-2.amazonaws.com/rima/print/scraped_printed_issue/1239/cover.jpg,
2012-05-04,№ 8 (320),https://archivarius-public.s3.us-west-2.amazonaws.com/rima/print/scraped_printed_issue/1297/issue.pdf,https://archivarius-public.s3.us-west-2.amazonaws.com/rima/print/scraped_printed_issue/1297/cover.jpg,
2012-05-18,№ 9 (321),https://archivarius-public.s3.us-west-2.amazonaws.com/rima/print/scraped_printed_issue/1157/issue.pdf,https://archivarius-public.s3.us-west-2.amazonaws.com/rima/print/scraped_printed_issue/1157/cover.jpg,
2012-06-01,№ 10 (322),https://archivarius-public.s3.us-west-2.amazonaws.com/rima/print/scraped_printed_issue/1197/issue.pdf,https://archivarius-public.s3.us-west-2.amazonaws.com/rima/print/scraped_printed_issue/1197/cover.jpg,
2012-06-15,№ 11 (323),https://archivarius-public.s3.us-west-2.amazonaws.com/rima/print/scraped_printed_issue/1429/issue.pdf,https://archivarius-public.s3.us-west-2.amazonaws.com/rima/print/scraped_printed_issue/1429/cover.jpg,
2012-06-29,№ 12 (324),https://archivarius-public.s3.us-west-2.amazonaws.com/rima/print/scraped_printed_issue/1397/issue.pdf,https://archivarius-public.s3.us-west-2.amazonaws.com/rima/print/scraped_printed_issue/1397/cover.jpg,
2012-07-13,№ 13 (325),https://archivarius-public.s3.us-west-2.amazonaws.com/rima/print/scraped_printed_issue/1260/issue.pdf,https://archivarius-public.s3.us-west-2.amazonaws.com/rima/print/scraped_printed_issue/1260/cover.jpg,
2012-07-27,№ 14 (326),https://archivarius-public.s3.us-west-2.amazonaws.com/rima/print/scraped_printed_issue/1124/issue.pdf,https://archivarius-public.s3.us-west-2.amazonaws.com/rima/print/scraped_printed_issue/1124/cover.jpg,
2012-08-24,№ 15 (327),https://archivarius-public.s3.us-west-2.amazonaws.com/rima/print/scraped_printed_issue/1353/issue.pdf,https://archivarius-public.s3.us-west-2.amazonaws.com/rima/print/scraped_printed_issue/1353/cover.jpg,
2012-09-07,№ 16 (328),https://archivarius-public.s3.us-west-2.amazonaws.com/rima/print/scraped_printed_issue/1265/issue.pdf,https://archivarius-public.s3.us-west-2.amazonaws.com/rima/print/scraped_printed_issue/1265/cover.jpg,
2012-09-21,№ 17 (329),https://archivarius-public.s3.us-west-2.amazonaws.com/rima/print/scraped_printed_issue/1391/issue.pdf,https://archivarius-public.s3.us-west-2.amazonaws.com/rima/print/scraped_printed_issue/1391/cover.jpg,
2012-10-05,№ 18 (330),https://archivarius-public.s3.us-west-2.amazonaws.com/rima/print/scraped_printed_issue/1340/issue.pdf,https://archivarius-public.s3.us-west-2.amazonaws.com/rima/print/scraped_printed_issue/1340/cover.jpg,
2012-10-19,№ 19 (331),https://archivarius-public.s3.us-west-2.amazonaws.com/rima/print/scraped_printed_issue/1115/issue.pdf,https://archivarius-public.s3.us-west-2.amazonaws.com/rima/print/scraped_printed_issue/1115/cover.jpg,
2012-11-02,№ 20 (332),https://archivarius-public.s3.us-west-2.amazonaws.com/rima/print/scraped_printed_issue/1168/issue.pdf,https://archivarius-public.s3.us-west-2.amazonaws.com/rima/print/scraped_printed_issue/1168/cover.jpg,
2012-11-16,№ 21 (333),https://archivarius-public.s3.us-west-2.amazonaws.com/rima/print/scraped_printed_issue/1305/issue.pdf,https://archivarius-public.s3.us-west-2.amazonaws.com/rima/print/scraped_printed_issue/1305/cover.jpg,
2012-11-30,№ 22 (334),https://archivarius-public.s3.us-west-2.amazonaws.com/rima/print/scraped_printed_issue/1339/issue.pdf,https://archivarius-public.s3.us-west-2.amazonaws.com/rima/print/scraped_printed_issue/1339/cover.jpg,
2012-12-14,№ 23 (335),https://archivarius-public.s3.us-west-2.amazonaws.com/rima/print/scraped_printed_issue/1117/issue.pdf,https://archivarius-public.s3.us-west-2.amazonaws.com/rima/print/scraped_printed_issue/1117/cover.jpg,
2012-12-28,№ 24 (336),https://archivarius-public.s3.us-west-2.amazonaws.com/rima/print/scraped_printed_issue/1244/issue.pdf,https://archivarius-public.s3.us-west-2.amazonaws.com/rima/print/scraped_printed_issue/1244/cover.jpg,
2013-01-25,№ 1 (337),https://archivarius-public.s3.us-west-2.amazonaws.com/rima/print/scraped_printed_issue/1310/issue.pdf,https://archivarius-public.s3.us-west-2.amazonaws.com/rima/print/scraped_printed_issue/1310/cover.jpg,
2013-02-08,№ 2 (338),https://archivarius-public.s3.us-west-2.amazonaws.com/rima/print/scraped_printed_issue/1216/issue.pdf,https://archivarius-public.s3.us-west-2.amazonaws.com/rima/print/scraped_printed_issue/1216/cover.jpg,
2013-02-22,№ 3 (339),https://archivarius-public.s3.us-west-2.amazonaws.com/rima/print/scraped_printed_issue/1360/issue.pdf,https://archivarius-public.s3.us-west-2.amazonaws.com/rima/print/scraped_printed_issue/1360/cover.jpg,
2013-03-08,№ 4 (340),https://archivarius-public.s3.us-west-2.amazonaws.com/rima/print/scraped_printed_issue/1448/issue.pdf,https://archivarius-public.s3.us-west-2.amazonaws.com/rima/print/scraped_printed_issue/1448/cover.jpg,
2013-03-22,№ 5 (341),https://archivarius-public.s3.us-west-2.amazonaws.com/rima/print/scraped_printed_issue/1205/issue.pdf,https://archivarius-public.s3.us-west-2.amazonaws.com/rima/print/scraped_printed_issue/1205/cover.jpg,
2013-04-05,№ 6 (342),https://archivarius-public.s3.us-west-2.amazonaws.com/rima/print/scraped_printed_issue/1094/issue.pdf,https://archivarius-public.s3.us-west-2.amazonaws.com/rima/print/scraped_printed_issue/1094/cover.jpg,
2013-04-19,№ 7 (343),https://archivarius-public.s3.us-west-2.amazonaws.com/rima/print/scraped_printed_issue/1318/issue.pdf,https://archivarius-public.s3.us-west-2.amazonaws.com/rima/print/scraped_printed_issue/1318/cover.jpg,
2013-05-03,№ 8 (344),https://archivarius-public.s3.us-west-2.amazonaws.com/rima/print/scraped_printed_issue/1249/issue.pdf,https://archivarius-public.s3.us-west-2.amazonaws.com/rima/print/scraped_printed_issue/1249/cover.jpg,
2013-05-17,№ 9 (345),https://archivarius-public.s3.us-west-2.amazonaws.com/rima/print/scraped_printed_issue/1374/issue.pdf,https://archivarius-public.s3.us-west-2.amazonaws.com/rima/print/scraped_printed_issue/1374/cover.jpg,
2013-05-31,№ 10 (346),https://archivarius-public.s3.us-west-2.amazonaws.com/rima/print/scraped_printed_issue/1332/issue.pdf,https://archivarius-public.s3.us-west-2.amazonaws.com/rima/print/scraped_printed_issue/1332/cover.jpg,
2013-06-14,№ 11 (347),https://archivarius-public.s3.us-west-2.amazonaws.com/rima/print/scraped_printed_issue/1122/issue.pdf,https://archivarius-public.s3.us-west-2.amazonaws.com/rima/print/scraped_printed_issue/1122/cover.jpg,
2013-06-28,№ 12 (348),https://archivarius-public.s3.us-west-2.amazonaws.com/rima/print/scraped_printed_issue/1382/issue.pdf,https://archivarius-public.s3.us-west-2.amazonaws.com/rima/print/scraped_printed_issue/1382/cover.jpg,
2013-07-12,№ 13 (349),https://archivarius-public.s3.us-west-2.amazonaws.com/rima/print/scraped_printed_issue/1243/issue.pdf,https://archivarius-public.s3.us-west-2.amazonaws.com/rima/print/scraped_printed_issue/1243/cover.jpg,
2013-07-26,№ 14 (350),https://archivarius-public.s3.us-west-2.amazonaws.com/rima/print/scraped_printed_issue/1387/issue.pdf,https://archivarius-public.s3.us-west-2.amazonaws.com/rima/print/scraped_printed_issue/1387/cover.jpg,
2013-08-09,№ 15 (351),https://archivarius-public.s3.us-west-2.amazonaws.com/rima/print/scraped_printed_issue/1268/issue.pdf,https://archivarius-public.s3.us-west-2.amazonaws.com/rima/print/scraped_printed_issue/1268/cover.jpg,
2013-09-06,№ 16 (352),https://archivarius-public.s3.us-west-2.amazonaws.com/rima/print/scraped_printed_issue/1141/issue.pdf,https://archivarius-public.s3.us-west-2.amazonaws.com/rima/print/scraped_printed_issue/1141/cover.jpg,
2013-09-20,№ 17 (353),https://archivarius-public.s3.us-west-2.amazonaws.com/rima/print/scraped_printed_issue/1270/issue.pdf,https://archivarius-public.s3.us-west-2.amazonaws.com/rima/print/scraped_printed_issue/1270/cover.jpg,
2013-10-04,№ 18 (354),https://archivarius-public.s3.us-west-2.amazonaws.com/rima/print/scraped_printed_issue/1195/issue.pdf,https://archivarius-public.s3.us-west-2.amazonaws.com/rima/print/scraped_printed_issue/1195/cover.jpg,
2013-10-18,№ 19 (355),https://archivarius-public.s3.us-west-2.amazonaws.com/rima/print/scraped_printed_issue/1432/issue.pdf,https://archivarius-public.s3.us-west-2.amazonaws.com/rima/print/scraped_printed_issue/1432/cover.jpg,
2013-11-01,№ 20 (356),https://archivarius-public.s3.us-west-2.amazonaws.com/rima/print/scraped_printed_issue/1392/issue.pdf,https://archivarius-public.s3.us-west-2.amazonaws.com/rima/print/scraped_printed_issue/1392/cover.jpg,
2013-11-15,№ 21 (357),https://archivarius-public.s3.us-west-2.amazonaws.com/rima/print/scraped_printed_issue/1264/issue.pdf,https://archivarius-public.s3.us-west-2.amazonaws.com/rima/print/scraped_printed_issue/1264/cover.jpg,
2013-11-29,№ 22 (358),https://archivarius-public.s3.us-west-2.amazonaws.com/rima/print/scraped_printed_issue/1354/issue.pdf,https://archivarius-public.s3.us-west-2.amazonaws.com/rima/print/scraped_printed_issue/1354/cover.jpg,
2013-12-13,№ 23 (359),https://archivarius-public.s3.us-west-2.amazonaws.com/rima/print/scraped_printed_issue/1123/issue.pdf,https://archivarius-public.s3.us-west-2.amazonaws.com/rima/print/scraped_printed_issue/1123/cover.jpg,
2013-12-27,№ 24 (360),https://archivarius-public.s3.us-west-2.amazonaws.com/rima/print/scraped_printed_issue/1166/issue.pdf,https://archivarius-public.s3.us-west-2.amazonaws.com/rima/print/scraped_printed_issue/1166/cover.jpg,
2014-01-24,№ 1 (361),https://archivarius-public.s3.us-west-2.amazonaws.com/rima/print/scraped_printed_issue/1423/issue.pdf,https://archivarius-public.s3.us-west-2.amazonaws.com/rima/print/scraped_printed_issue/1423/cover.jpg,
2014-02-07,№ 2 (362),https://archivarius-public.s3.us-west-2.amazonaws.com/rima/print/scraped_printed_issue/1341/issue.pdf,https://archivarius-public.s3.us-west-2.amazonaws.com/rima/print/scraped_printed_issue/1341/cover.jpg,
2014-02-21,№ 3 (363),https://archivarius-public.s3.us-west-2.amazonaws.com/rima/print/scraped_printed_issue/1114/issue.pdf,https://archivarius-public.s3.us-west-2.amazonaws.com/rima/print/scraped_printed_issue/1114/cover.jpg,
2014-03-07,№ 4 (364),https://archivarius-public.s3.us-west-2.amazonaws.com/rima/print/scraped_printed_issue/1096/issue.pdf,https://archivarius-public.s3.us-west-2.amazonaws.com/rima/print/scraped_printed_issue/1096/cover.jpg,
2014-03-21,№ 5 (365),https://archivarius-public.s3.us-west-2.amazonaws.com/rima/print/scraped_printed_issue/1315/issue.pdf,https://archivarius-public.s3.us-west-2.amazonaws.com/rima/print/scraped_printed_issue/1315/cover.jpg,
2014-04-04,№ 6 (366),https://archivarius-public.s3.us-west-2.amazonaws.com/rima/print/scraped_printed_issue/1443/issue.pdf,https://archivarius-public.s3.us-west-2.amazonaws.com/rima/print/scraped_printed_issue/1443/cover.jpg,
2014-04-18,№ 7 (367),https://archivarius-public.s3.us-west-2.amazonaws.com/rima/print/scraped_printed_issue/1208/issue.pdf,https://archivarius-public.s3.us-west-2.amazonaws.com/rima/print/scraped_printed_issue/1208/cover.jpg,
2014-05-02,№ 8 (368),https://archivarius-public.s3.us-west-2.amazonaws.com/rima/print/scraped_printed_issue/1217/issue.pdf,https://archivarius-public.s3.us-west-2.amazonaws.com/rima/print/scraped_printed_issue/1217/cover.jpg,
2014-05-16,№ 9 (369),https://archivarius-public.s3.us-west-2.amazonaws.com/rima/print/scraped_printed_issue/1359/issue.pdf,https://archivarius-public.s3.us-west-2.amazonaws.com/rima/print/scraped_printed_issue/1359/cover.jpg,
2014-05-30,№ 10 (370),https://archivarius-public.s3.us-west-2.amazonaws.com/rima/print/scraped_printed_issue/1233/issue.pdf,https://archivarius-public.s3.us-west-2.amazonaws.com/rima/print/scraped_printed_issue/1233/cover.jpg,
2014-06-13,№ 11 (371),https://archivarius-public.s3.us-west-2.amazonaws.com/rima/print/scraped_printed_issue/1366/issue.pdf,https://archivarius-public.s3.us-west-2.amazonaws.com/rima/print/scraped_printed_issue/1366/cover.jpg,
2014-06-27,№ 12 (372),https://archivarius-public.s3.us-west-2.amazonaws.com/rima/print/scraped_printed_issue/1298/issue.pdf,https://archivarius-public.s3.us-west-2.amazonaws.com/rima/print/scraped_printed_issue/1298/cover.jpg,
2014-07-11,№ 13 (373),https://archivarius-public.s3.us-west-2.amazonaws.com/rima/print/scraped_printed_issue/1156/issue.pdf,https://archivarius-public.s3.us-west-2.amazonaws.com/rima/print/scraped_printed_issue/1156/cover.jpg,
2014-07-25,№ 14 (374),https://archivarius-public.s3.us-west-2.amazonaws.com/rima/print/scraped_printed_issue/1132/issue.pdf,https://archivarius-public.s3.us-west-2.amazonaws.com/rima/print/scraped_printed_issue/1132/cover.jpg,
2014-08-22,№ 15 (375),https://archivarius-public.s3.us-west-2.amazonaws.com/rima/print/scraped_printed_issue/1280/issue.pdf,https://archivarius-public.s3.us-west-2.amazonaws.com/rima/print/scraped_printed_issue/1280/cover.jpg,
2014-09-05,№ 16 (376),https://archivarius-public.s3.us-west-2.amazonaws.com/rima/print/scraped_printed_issue/1403/issue.pdf,https://archivarius-public.s3.us-west-2.amazonaws.com/rima/print/scraped_printed_issue/1403/cover.jpg,
2014-09-19,№ 17 (377),https://archivarius-public.s3.us-west-2.amazonaws.com/rima/print/scraped_printed_issue/1255/issue.pdf,https://archivarius-public.s3.us-west-2.amazonaws.com/rima/print/scraped_printed_issue/1255/cover.jpg,
2014-10-03,№ 18 (378),https://archivarius-public.s3.us-west-2.amazonaws.com/rima/print/scraped_printed_issue/1174/issue.pdf,https://archivarius-public.s3.us-west-2.amazonaws.com/rima/print/scraped_printed_issue/1174/cover.jpg,
2014-10-17,№ 19 (379),https://archivarius-public.s3.us-west-2.amazonaws.com/rima/print/scraped_printed_issue/1411/issue.pdf,https://archivarius-public.s3.us-west-2.amazonaws.com/rima/print/scraped_printed_issue/1411/cover.jpg,
2014-11-14,№ 21 (381),https://archivarius-public.s3.us-west-2.amazonaws.com/rima/print/scraped_printed_issue/1342/issue.pdf,https://archivarius-public.s3.us-west-2.amazonaws.com/rima/print/scraped_printed_issue/1342/cover.jpg,
2014-11-28,№ 22 (382),https://archivarius-public.s3.us-west-2.amazonaws.com/rima/print/scraped_printed_issue/1410/issue.pdf,https://archivarius-public.s3.us-west-2.amazonaws.com/rima/print/scraped_printed_issue/1410/cover.jpg,
2014-12-12,№ 23 (383),https://archivarius-public.s3.us-west-2.amazonaws.com/rima/print/scraped_printed_issue/1175/issue.pdf,https://archivarius-public.s3.us-west-2.amazonaws.com/rima/print/scraped_printed_issue/1175/cover.jpg,
2015-02-13,№ 2 (386),https://archivarius-public.s3.us-west-2.amazonaws.com/rima/print/scraped_printed_issue/1389/issue.pdf,https://archivarius-public.s3.us-west-2.amazonaws.com/rima/print/scraped_printed_issue/1389/cover.jpg,
2015-02-27,№ 3 (387),https://archivarius-public.s3.us-west-2.amazonaws.com/rima/print/scraped_printed_issue/1267/issue.pdf,https://archivarius-public.s3.us-west-2.amazonaws.com/rima/print/scraped_printed_issue/1267/cover.jpg,
2015-11-27,№ 13–14 (397–398),https://archivarius-public.s3.us-west-2.amazonaws.com/rima/print/scraped_printed_issue/1331/issue.pdf,https://archivarius-public.s3.us-west-2.amazonaws.com/rima/print/scraped_printed_issue/1331/cover.jpg,